entrance,video_name,gt_frame_id,section,direction,class_name,lane_id,track_id,vehicle_label,note
北进口,北进口_20260420075959至20260420081500.mp4,0,北进口主断面,离去,car,opposite,NC002,小汽车,
北进口,北进口_20260420075959至20260420081500.mp5,108,北进口主断面,离去,non_motor,opposite,N001,电动车,
北进口,北进口_20260420075959至20260420081500.mp6,113,北进口主断面,到达,non_motor,L4,N002,电动车,
北进口,北进口_20260420075959至20260420081500.mp7,113,北进口主断面,到达,non_motor,L3,N003,电动车,
北进口,北进口_20260420075959至20260420081500.mp8,114,北进口主断面,离去,non_motor,opposite,N004,电动车,
北进口,北进口_20260420075959至20260420081500.mp9,141,北进口右转,到达,car,L1,NC003,面包车,
北进口,北进口_20260420075959至20260420081500.mp10,153,北进口主断面,离去,non_motor,opposite,N005,电动车,
北进口,北进口_20260420075959至20260420081500.mp11,162,北进口主断面,离去,non_motor,opposite,N006,电动车,
北进口,北进口_20260420075959至20260420081500.mp12,185,北进口右转,到达,car,L1,NC004,面包车,
北进口,北进口_20260420075959至20260420081500.mp13,229,北进口主断面,到达,non_motor,L1,N007,电动车,
北进口,北进口_20260420075959至20260420081500.mp14,245,北进口主断面,到达,non_motor,L4,N008,电动车,
北进口,北进口_20260420075959至20260420081500.mp16,269,北进口掉头车道,到达,non_motor,L1,N003,电动车,
北进口,北进口_20260420075959至20260420081500.mp17,353,北进口主断面,离去,non_motor,opposite,N010,电动车,
北进口,北进口_20260420075959至20260420081500.mp19,382,北进口主断面,离去,car,opposite,NC005,小汽车,
北进口,北进口_20260420075959至20260420081500.mp20,389,北进口掉头车道,到达,non_motor,L1,N007,电动车,
北进口,北进口_20260420075959至20260420081500.mp22,393,北进口主断面,离去,non_motor,opposite,N012,电动车,
北进口,北进口_20260420075959至20260420081500.mp23,428,北进口主断面,到达,non_motor,L4,N013,电动车,
北进口,北进口_20260420075959至20260420081500.mp24,436,北进口主断面,离去,truck,opposite,NT001,货运皮卡,
北进口,北进口_20260420075959至20260420081500.mp25,474,北进口主断面,到达,non_motor,L4,N014,电动车,
北进口,北进口_20260420075959至20260420081500.mp26,521,北进口主断面,离去,car,opposite,NC006,小汽车,
北进口,北进口_20260420075959至20260420081500.mp27,605,北进口主断面,到达,non_motor,L3,N015,电动车,
北进口,北进口_20260420075959至20260420081500.mp28,654,北进口主断面,到达,non_motor,L4,N016,电动车,
北进口,北进口_20260420075959至20260420081500.mp29,695,北进口主断面,到达,non_motor,L3,N017,电动车,
北进口,北进口_20260420075959至20260420081500.mp30,706,北进口主断面,离去,non_motor,opposite,N018,电动车,
北进口,北进口_20260420075959至20260420081500.mp31,742,北进口主断面,到达,non_motor,L4,N019,电动车,
北进口,北进口_20260420075959至20260420081500.mp32,742,北进口主断面,到达,non_motor,L3,N020,电动车,
北进口,北进口_20260420075959至20260420081500.mp33,815,北进口主断面,到达,non_motor,L4,N021,电动车,
北进口,北进口_20260420075959至20260420081500.mp34,815,北进口主断面,到达,non_motor,L3,N022,电动车,
北进口,北进口_20260420075959至20260420081500.mp36,894,北进口主断面,到达,non_motor,L1,N024,三轮车,
北进口,北进口_20260420075959至20260420081500.mp37,937,北进口主断面,到达,non_motor,L4,N025,电动车,
北进口,北进口_20260420075959至20260420081500.mp38,945,北进口主断面,到达,car,L1,NC007,面包车,
北进口,北进口_20260420075959至20260420081500.mp39,945,北进口主断面,到达,car,L2,NC008,面包车,
北进口,北进口_20260420075959至20260420081500.mp40,981,北进口主断面,离去,non_motor,opposite,N026,电动车,
北进口,北进口_20260420075959至20260420081500.mp41,998,北进口主断面,到达,non_motor,L4,N027,电动车,
北进口,北进口_20260420075959至20260420081500.mp42,1020,北进口主断面,到达,car,L2,NC009,小汽车,
北进口,北进口_20260420075959至20260420081500.mp43,1020,北进口主断面,到达,non_motor,L4,N028,电动车,
北进口,北进口_20260420075959至20260420081500.mp44,1038,北进口主断面,离去,car,opposite,NC010,小汽车,
北进口,北进口_20260420075959至20260420081500.mp45,1038,北进口主断面,离去,non_motor,opposite,N029,电动车,
北进口,北进口_20260420075959至20260420081500.mp46,1064,北进口主断面,到达,bus,L3,NB001,公交车,
北进口,北进口_20260420075959至20260420081500.mp47,1080,北进口主断面,离去,car,opposite,NC011,小汽车,
北进口,北进口_20260420075959至20260420081500.mp48,1085,北进口主断面,到达,non_motor,L4,N030,电动车,
北进口,北进口_20260420075959至20260420081500.mp49,1097,北进口主断面,到达,non_motor,L1,N031,三轮车,
北进口,北进口_20260420075959至20260420081500.mp50,1106,北进口掉头车道,到达,non_motor,L1,N024,三轮车,
北进口,北进口_20260420075959至20260420081500.mp51,1120,北进口主断面,到达,car,L2,NC012,小汽车,
北进口,北进口_20260420075959至20260420081500.mp52,1168,北进口主断面,到达,car,L2,NC013,小汽车,
北进口,北进口_20260420075959至20260420081500.mp53,1190,北进口主断面,到达,non_motor,L4,N032,电动车,
北进口,北进口_20260420075959至20260420081500.mp54,1228,北进口主断面,到达,non_motor,L4,N033,电动车,
北进口,北进口_20260420075959至20260420081500.mp55,1254,北进口主断面,离去,non_motor,opposite,N034,电动车,
北进口,北进口_20260420075959至20260420081500.mp56,1281,北进口主断面,到达,car,L2,NC014,小汽车,
北进口,北进口_20260420075959至20260420081500.mp57,1294,北进口主断面,离去,non_motor,opposite,N035,电动车,
北进口,北进口_20260420075959至20260420081500.mp58,1304,北进口主断面,到达,non_motor,L4,N036,电动车,
北进口,北进口_20260420075959至20260420081500.mp59,1308,北进口主断面,到达,non_motor,L4,N037,电动车,
北进口,北进口_20260420075959至20260420081500.mp60,1329,北进口主断面,到达,non_motor,L4,N038,电动车,
北进口,北进口_20260420075959至20260420081500.mp61,1335,北进口主断面,离去,non_motor,opposite,N039,电动车,
北进口,北进口_20260420075959至20260420081500.mp62,1367,北进口主断面,离去,non_motor,opposite,N040,电动车,
北进口,北进口_20260420075959至20260420081500.mp63,1372,北进口主断面,到达,non_motor,L4,N041,电动车,
北进口,北进口_20260420075959至20260420081500.mp64,1381,北进口主断面,离去,non_motor,opposite,N042,电动车,
北进口,北进口_20260420075959至20260420081500.mp65,1384,北进口主断面,到达,non_motor,L4,N043,电动车,
北进口,北进口_20260420075959至20260420081500.mp66,1392,北进口主断面,离去,non_motor,opposite,N044,电动车,
北进口,北进口_20260420075959至20260420081500.mp67,1410,北进口主断面,到达,non_motor,L4,N045,电动车,
北进口,北进口_20260420075959至20260420081500.mp68,1415,北进口主断面,到达,non_motor,L4,N046,电动车,
北进口,北进口_20260420075959至20260420081500.mp69,1418,北进口主断面,离去,non_motor,opposite,N047,电动车,
北进口,北进口_20260420075959至20260420081500.mp70,1418,北进口主断面,离去,non_motor,opposite,N048,电动车,
北进口,北进口_20260420075959至20260420081500.mp71,1440,北进口主断面,到达,car,L3,NC015,小汽车,
北进口,北进口_20260420075959至20260420081500.mp72,1442,北进口主断面,到达,non_motor,L4,N049,电动车,
北进口,北进口_20260420075959至20260420081500.mp73,1445,北进口主断面,离去,non_motor,opposite,N050,电动车,
北进口,北进口_20260420075959至20260420081500.mp74,1462,北进口主断面,到达,car,L2,NC016,小汽车,
北进口,北进口_20260420075959至20260420081500.mp75,1478,北进口主断面,离去,non_motor,opposite,N051,电动车,
北进口,北进口_20260420075959至20260420081500.mp76,1499,北进口主断面,离去,non_motor,opposite,N052,电动车,
北进口,北进口_20260420075959至20260420081500.mp77,1513,北进口主断面,离去,non_motor,opposite,N053,电动车,
北进口,北进口_20260420075959至20260420081500.mp78,1533,北进口主断面,到达,car,L3,NC017,小汽车,
北进口,北进口_20260420075959至20260420081500.mp79,1557,北进口主断面,到达,non_motor,L4,N054,电动车,
北进口,北进口_20260420075959至20260420081500.mp80,1580,北进口主断面,到达,non_motor,L4,N055,电动车,
北进口,北进口_20260420075959至20260420081500.mp81,1606,北进口主断面,到达,non_motor,L4,N056,电动车,
北进口,北进口_20260420075959至20260420081500.mp82,1615,北进口主断面,离去,non_motor,opposite,N057,电动车,
北进口,北进口_20260420075959至20260420081500.mp83,1623,北进口主断面,离去,car,opposite,NC019,小汽车,
北进口,北进口_20260420075959至20260420081500.mp84,1665,北进口主断面,到达,non_motor,L4,N058,电动车,
北进口,北进口_20260420075959至20260420081500.mp85,1681,北进口主断面,离去,non_motor,opposite,N059,电动车,
北进口,北进口_20260420075959至20260420081500.mp86,1688,北进口主断面,离去,car,opposite,NC020,小汽车,
北进口,北进口_20260420075959至20260420081500.mp87,1688,北进口主断面,离去,non_motor,opposite,N060,电动车,
北进口,北进口_20260420075959至20260420081500.mp88,1698,北进口主断面,到达,car,L2,NC018,小汽车,
北进口,北进口_20260420075959至20260420081500.mp89,1724,北进口主断面,到达,non_motor,L4,N061,电动车,
北进口,北进口_20260420075959至20260420081500.mp90,1730,北进口主断面,到达,car,L3,NC021,小汽车,
北进口,北进口_20260420075959至20260420081500.mp91,1740,北进口主断面,离去,non_motor,opposite,N062,电动车,
北进口,北进口_20260420075959至20260420081500.mp92,1757,北进口主断面,到达,car,L2,NC022,小汽车,
北进口,北进口_20260420075959至20260420081500.mp93,1765,北进口主断面,离去,non_motor,opposite,N063,电动车,
北进口,北进口_20260420075959至20260420081500.mp94,1773,北进口主断面,离去,car,opposite,NC023,小汽车,
北进口,北进口_20260420075959至20260420081500.mp95,1780,北进口主断面,到达,car,L3,NC024,小汽车,
北进口,北进口_20260420075959至20260420081500.mp96,1788,北进口主断面,离去,non_motor,opposite,N064,电动车,
北进口,北进口_20260420075959至20260420081500.mp97,1814,北进口主断面,离去,car,opposite,NC025,小汽车,
北进口,北进口_20260420075959至20260420081500.mp98,1814,北进口主断面,离去,non_motor,opposite,N065,电动车,
北进口,北进口_20260420075959至20260420081500.mp99,1814,北进口主断面,离去,truck,opposite,NT002,货运皮卡,
北进口,北进口_20260420075959至20260420081500.mp100,1823,北进口主断面,离去,non_motor,opposite,N066,电动车,
北进口,北进口_20260420075959至20260420081500.mp101,1830,北进口主断面,到达,car,L2,NC026,小汽车,
北进口,北进口_20260420075959至20260420081500.mp102,1830,北进口主断面,到达,truck,L1,NT003,货车,
北进口,北进口_20260420075959至20260420081500.mp103,1845,北进口主断面,离去,car,opposite,NC027,小汽车,
北进口,北进口_20260420075959至20260420081500.mp104,1889,北进口主断面,离去,non_motor,opposite,N067,电动车,
北进口,北进口_20260420075959至20260420081500.mp105,1897,北进口主断面,离去,non_motor,opposite,N068,电动车,
北进口,北进口_20260420075959至20260420081500.mp106,1904,北进口主断面,到达,car,L2,NC028,小汽车,
北进口,北进口_20260420075959至20260420081500.mp107,1907,北进口主断面,到达,non_motor,L4,N069,电动车,
北进口,北进口_20260420075959至20260420081500.mp108,1910,北进口主断面,离去,car,opposite,NC029,小汽车,
北进口,北进口_20260420075959至20260420081500.mp109,1910,北进口主断面,离去,car,opposite,NC030,小汽车,
北进口,北进口_20260420075959至20260420081500.mp110,1916,北进口主断面,到达,car,L2,NC031,小汽车,
北进口,北进口_20260420075959至20260420081500.mp111,1941,北进口主断面,到达,non_motor,L4,N070,电动车,
北进口,北进口_20260420075959至20260420081500.mp112,1946,北进口主断面,到达,car,L3,NC032,小汽车,
北进口,北进口_20260420075959至20260420081500.mp113,1947,北进口主断面,离去,car,opposite,NC033,面包车,
北进口,北进口_20260420075959至20260420081500.mp114,1950,北进口主断面,离去,truck,opposite,NT004,货车,
北进口,北进口_20260420075959至20260420081500.mp115,1976,北进口主断面,到达,non_motor,L4,N071,电动车,
北进口,北进口_20260420075959至20260420081500.mp116,1985,北进口主断面,离去,car,opposite,NC034,面包车,
北进口,北进口_20260420075959至20260420081500.mp117,2009,北进口主断面,到达,car,L2,NC035,小汽车,
北进口,北进口_20260420075959至20260420081500.mp118,2017,北进口主断面,到达,car,L3,NC036,小汽车,
北进口,北进口_20260420075959至20260420081500.mp119,2028,北进口主断面,离去,car,opposite,NC037,小汽车,
北进口,北进口_20260420075959至20260420081500.mp120,2028,北进口主断面,离去,car,opposite,NC038,小汽车,
北进口,北进口_20260420075959至20260420081500.mp121,2053,北进口主断面,离去,truck,opposite,NT005,货运皮卡,
北进口,北进口_20260420075959至20260420081500.mp122,2056,北进口主断面,到达,non_motor,L4,N072,自行车,
北进口,北进口_20260420075959至20260420081500.mp123,2059,北进口主断面,到达,car,L3,NC039,小汽车,
北进口,北进口_20260420075959至20260420081500.mp124,2088,北进口主断面,离去,car,opposite,NC040,小汽车,
北进口,北进口_20260420075959至20260420081500.mp125,2120,北进口主断面,到达,car,L2,NC041,小汽车,
北进口,北进口_20260420075959至20260420081500.mp126,2120,北进口主断面,到达,car,L3,NC042,小汽车,
北进口,北进口_20260420075959至20260420081500.mp127,2129,北进口主断面,离去,car,opposite,NC043,面包车,
北进口,北进口_20260420075959至20260420081500.mp128,2157,北进口主断面,到达,non_motor,L4,N073,电动车,
北进口,北进口_20260420075959至20260420081500.mp129,2164,北进口主断面,离去,car,opposite,NC044,面包车,
北进口,北进口_20260420075959至20260420081500.mp130,2181,北进口主断面,离去,car,opposite,NC045,小汽车,
北进口,北进口_20260420075959至20260420081500.mp131,2205,北进口主断面,到达,non_motor,L4,N074,电动车,
北进口,北进口_20260420075959至20260420081500.mp132,2206,北进口主断面,到达,truck,L2,NT006,货车,
北进口,北进口_20260420075959至20260420081500.mp133,2218,北进口主断面,离去,car,opposite,NC046,小汽车,
北进口,北进口_20260420075959至20260420081500.mp134,2232,北进口主断面,到达,truck,L1,NT007,货车,
北进口,北进口_20260420075959至20260420081500.mp135,2234,北进口主断面,离去,car,opposite,NC047,小汽车,
北进口,北进口_20260420075959至20260420081500.mp136,2242,北进口主断面,到达,non_motor,L4,N075,电动车,
北进口,北进口_20260420075959至20260420081500.mp137,2255,北进口主断面,到达,non_motor,L4,N076,电动车,
北进口,北进口_20260420075959至20260420081500.mp138,2285,北进口主断面,离去,car,opposite,NC048,小汽车,
北进口,北进口_20260420075959至20260420081500.mp139,2286,北进口主断面,到达,car,L3,NC049,小汽车,
北进口,北进口_20260420075959至20260420081500.mp140,2297,北进口主断面,离去,car,opposite,NC050,面包车,
北进口,北进口_20260420075959至20260420081500.mp141,2355,北进口主断面,离去,car,opposite,NC051,小汽车,
北进口,北进口_20260420075959至20260420081500.mp142,2376,北进口主断面,离去,car,opposite,NC052,小汽车,
北进口,北进口_20260420075959至20260420081500.mp143,2376,北进口主断面,离去,non_motor,opposite,N077,电动车,
北进口,北进口_20260420075959至20260420081500.mp144,2397,北进口主断面,离去,non_motor,opposite,N078,电动车,
北进口,北进口_20260420075959至20260420081500.mp145,2410,北进口右转,到达,truck,L2,NT006,货运皮卡,
北进口,北进口_20260420075959至20260420081500.mp146,2432,北进口主断面,离去,car,opposite,NC053,小汽车,
北进口,北进口_20260420075959至20260420081500.mp147,2467,北进口主断面,离去,car,opposite,NC054,小汽车,
北进口,北进口_20260420075959至20260420081500.mp148,2467,北进口主断面,离去,non_motor,opposite,N079,电动车,
北进口,北进口_20260420075959至20260420081500.mp149,2485,北进口主断面,到达,non_motor,L3,N080,电动车,
北进口,北进口_20260420075959至20260420081500.mp150,2511,北进口主断面,离去,non_motor,opposite,N081,电动车,
北进口,北进口_20260420075959至20260420081500.mp151,2544,北进口主断面,离去,car,opposite,NC055,小汽车,
北进口,北进口_20260420075959至20260420081500.mp152,2557,北进口主断面,到达,non_motor,L4,N082,电动车,
北进口,北进口_20260420075959至20260420081500.mp153,2569,北进口主断面,离去,non_motor,opposite,N083,电动车,
北进口,北进口_20260420075959至20260420081500.mp154,2588,北进口主断面,到达,truck,L1,NT008,货车,
北进口,北进口_20260420075959至20260420081500.mp155,2600,北进口主断面,离去,non_motor,opposite,N084,电动车,
北进口,北进口_20260420075959至20260420081500.mp156,2611,北进口主断面,离去,non_motor,opposite,N085,电动车,
北进口,北进口_20260420075959至20260420081500.mp157,2685,北进口主断面,离去,truck,opposite,NT009,货车,
北进口,北进口_20260420075959至20260420081500.mp158,2690,北进口主断面,到达,car,L1,NC056,小汽车,
北进口,北进口_20260420075959至20260420081500.mp159,2738,北进口右转,到达,car,L1,NC007,面包车,黑车
北进口,北进口_20260420075959至20260420081500.mp160,2771,北进口主断面,离去,car,opposite,NC057,面包车,
北进口,北进口_20260420075959至20260420081500.mp161,2795,北进口主断面,到达,non_motor,L4,N086,电动车,
北进口,北进口_20260420075959至20260420081500.mp162,2824,北进口右转,到达,non_motor,L1,N031,三轮车,
北进口,北进口_20260420075959至20260420081500.mp163,2843,北进口主断面,离去,non_motor,opposite,N087,电动车,
北进口,北进口_20260420075959至20260420081500.mp164,2883,北进口主断面,到达,non_motor,L1,N088,电动车,
北进口,北进口_20260420075959至20260420081500.mp165,2889,北进口主断面,离去,non_motor,opposite,N089,电动车,
北进口,北进口_20260420075959至20260420081500.mp166,2918,北进口主断面,离去,non_motor,opposite,N090,电动车,
北进口,北进口_20260420075959至20260420081500.mp167,2933,北进口右转,到达,truck,L1,NT003,小汽车,
北进口,北进口_20260420075959至20260420081500.mp168,2956,北进口掉头车道,到达,truck,L1,NT007,货运皮卡,
北进口,北进口_20260420075959至20260420081500.mp169,2971,北进口主断面,离去,non_motor,opposite,N091,电动车,
北进口,北进口_20260420075959至20260420081500.mp170,2984,北进口主断面,到达,car,L3,NC58,小汽车,
北进口,北进口_20260420075959至20260420081500.mp171,2986,北进口主断面,离去,non_motor,opposite,N092,电动车,
北进口,北进口_20260420075959至20260420081500.mp172,2999,北进口主断面,离去,non_motor,opposite,N093,电动车,
北进口,北进口_20260420075959至20260420081500.mp173,3055,北进口主断面,离去,truck,opposite,NT010,货车,
北进口,北进口_20260420075959至20260420081500.mp174,3081,北进口掉头车道,到达,non_motor,L1,N088,电动车,
北进口,北进口_20260420075959至20260420081500.mp175,3088,北进口主断面,到达,car,L2,NC59,小汽车,
北进口,北进口_20260420075959至20260420081500.mp176,3119,北进口主断面,离去,car,opposite,NC60,小汽车,
北进口,北进口_20260420075959至20260420081500.mp177,3181,北进口主断面,离去,truck,opposite,NT011,货运皮卡,
北进口,北进口_20260420075959至20260420081500.mp178,3195,北进口主断面,离去,non_motor,opposite,N089,电动车,
北进口,北进口_20260420075959至20260420081500.mp179,3219,北进口主断面,到达,truck,L1,NT012,货车,
北进口,北进口_20260420075959至20260420081500.mp180,3233,北进口主断面,离去,car,opposite,NC61,小汽车,
北进口,北进口_20260420075959至20260420081500.mp181,3240,北进口主断面,离去,non_motor,opposite,N090,电动车,
北进口,北进口_20260420075959至20260420081500.mp182,3291,北进口主断面,到达,non_motor,L4,N091,电动车,
北进口,北进口_20260420075959至20260420081500.mp183,3303,北进口主断面,离去,car,opposite,NC62,面包车,
北进口,北进口_20260420075959至20260420081500.mp185,3391,北进口主断面,离去,non_motor,opposite,N092,电动车,
北进口,北进口_20260420075959至20260420081500.mp186,3400,北进口主断面,离去,car,opposite,NC63,小汽车,
北进口,北进口_20260420075959至20260420081500.mp187,3414,北进口主断面,到达,non_motor,L4,N093,自行车,
北进口,北进口_20260420075959至20260420081500.mp188,3421,北进口主断面,离去,car,opposite,NC64,小汽车,
北进口,北进口_20260420075959至20260420081500.mp189,3445,北进口主断面,到达,non_motor,L4,N094,电动车,
北进口,北进口_20260420075959至20260420081500.mp190,3489,北进口主断面,离去,car,opposite,NC65,面包车,
北进口,北进口_20260420075959至20260420081500.mp191,3503,北进口主断面,到达,car,L1,NC66,小汽车,
北进口,北进口_20260420075959至20260420081500.mp192,3510,北进口主断面,离去,non_motor,opposite,N095,电动车,
北进口,北进口_20260420075959至20260420081500.mp193,3689,北进口主断面,离去,non_motor,opposite,N096,电动车,
北进口,北进口_20260420075959至20260420081500.mp194,3718,北进口主断面,离去,non_motor,opposite,N097,电动车,
北进口,北进口_20260420075959至20260420081500.mp195,3739,北进口主断面,离去,non_motor,opposite,N098,电动车,
北进口,北进口_20260420075959至20260420081500.mp196,3739,北进口主断面,到达,non_motor,L4,N099,电动车,
北进口,北进口_20260420075959至20260420081500.mp197,3748,北进口主断面,到达,truck,L2,NT014,货车,
北进口,北进口_20260420075959至20260420081500.mp198,3770,北进口主断面,离去,non_motor,opposite,N100,电动车,
北进口,北进口_20260420075959至20260420081500.mp199,3774,北进口主断面,离去,non_motor,opposite,N101,电动车,
北进口,北进口_20260420075959至20260420081500.mp200,3818,北进口主断面,离去,car,opposite,NC67,面包车,
北进口,北进口_20260420075959至20260420081500.mp201,3818,北进口主断面,离去,non_motor,opposite,N102,电动车,
北进口,北进口_20260420075959至20260420081500.mp202,3841,北进口主断面,离去,non_motor,opposite,N103,电动车,
北进口,北进口_20260420075959至20260420081500.mp203,3847,北进口主断面,离去,car,opposite,NC68,面包车,
北进口,北进口_20260420075959至20260420081500.mp204,3945,北进口主断面,离去,non_motor,opposite,N104,电动车,
北进口,北进口_20260420075959至20260420081500.mp205,3961,北进口主断面,离去,non_motor,opposite,N105,电动车,
北进口,北进口_20260420075959至20260420081500.mp207,4016,北进口主断面,到达,non_motor,L4,N106,电动车,
北进口,北进口_20260420075959至20260420081500.mp208,4054,北进口主断面,离去,non_motor,opposite,N107,电动车,
北进口,北进口_20260420075959至20260420081500.mp209,4070,北进口主断面,到达,non_motor,L3,N108,电动车,
北进口,北进口_20260420075959至20260420081500.mp210,4074,北进口主断面,离去,car,opposite,NC069,小汽车,
北进口,北进口_20260420075959至20260420081500.mp211,4085,北进口主断面,到达,non_motor,L4,N109,电动车,
北进口,北进口_20260420075959至20260420081500.mp212,4108,北进口主断面,到达,non_motor,L4,N110,自行车,
北进口,北进口_20260420075959至20260420081500.mp213,4132,北进口主断面,离去,non_motor,opposite,N111,电动车,
北进口,北进口_20260420075959至20260420081500.mp214,4140,北进口主断面,到达,non_motor,L4,N112,三轮车,
北进口,北进口_20260420075959至20260420081500.mp215,4204,北进口主断面,离去,non_motor,opposite,N113,自行车,
北进口,北进口_20260420075959至20260420081500.mp216,4230,北进口主断面,离去,non_motor,opposite,N114,电动车,
北进口,北进口_20260420075959至20260420081500.mp217,4230,北进口主断面,到达,non_motor,L3,N115,电动车,
北进口,北进口_20260420075959至20260420081500.mp218,4232,北进口主断面,离去,car,opposite,NC070,小汽车,
北进口,北进口_20260420075959至20260420081500.mp219,4232,北进口主断面,到达,non_motor,L3,N116,电动车,
北进口,北进口_20260420075959至20260420081500.mp220,4246,北进口主断面,离去,non_motor,opposite,N117,电动车,
北进口,北进口_20260420075959至20260420081500.mp221,4265,北进口主断面,到达,non_motor,L1,N118,电动车,
北进口,北进口_20260420075959至20260420081500.mp222,4265,北进口主断面,离去,non_motor,opposite,N119,电动车,
北进口,北进口_20260420075959至20260420081500.mp223,4273,北进口主断面,到达,non_motor,L1,N120,电动车,
北进口,北进口_20260420075959至20260420081500.mp224,4295,北进口主断面,到达,non_motor,L3,N121,电动车,
北进口,北进口_20260420075959至20260420081500.mp225,4295,北进口主断面,到达,non_motor,L4,N122,电动车,
北进口,北进口_20260420075959至20260420081500.mp226,4355,北进口主断面,到达,non_motor,L3,N123,电动车,
北进口,北进口_20260420075959至20260420081500.mp227,4380,北进口主断面,离去,non_motor,opposite,N124,电动车,
北进口,北进口_20260420075959至20260420081500.mp228,4384,北进口主断面,离去,non_motor,opposite,N125,电动车,
北进口,北进口_20260420075959至20260420081500.mp229,4384,北进口主断面,到达,non_motor,L4,N126,电动车,
北进口,北进口_20260420075959至20260420081500.mp230,4405,北进口主断面,离去,non_motor,opposite,N127,电动车,
北进口,北进口_20260420075959至20260420081500.mp231,4405,北进口主断面,离去,non_motor,opposite,N128,自行车,
北进口,北进口_20260420075959至20260420081500.mp232,4469,北进口主断面,离去,car,opposite,NC071,SUV,
北进口,北进口_20260420075959至20260420081500.mp233,4469,北进口主断面,离去,non_motor,opposite,N129,电动车,
北进口,北进口_20260420075959至20260420081500.mp234,4489,北进口主断面,到达,non_motor,L4,N130,三轮车,
北进口,北进口_20260420075959至20260420081500.mp235,4489,北进口主断面,离去,non_motor,opposite,N131,电动车,
北进口,北进口_20260420075959至20260420081500.mp236,4495,北进口主断面,离去,car,opposite,NC072,小汽车,
北进口,北进口_20260420075959至20260420081500.mp237,4509,北进口主断面,离去,car,opposite,NC073,小汽车,
北进口,北进口_20260420075959至20260420081500.mp238,4537,北进口主断面,到达,non_motor,L4,N132,电动车,
北进口,北进口_20260420075959至20260420081500.mp239,4564,北进口主断面,离去,truck,opposite,NT015,货车,
北进口,北进口_20260420075959至20260420081500.mp240,4595,北进口主断面,离去,car,opposite,NC074,小汽车,
北进口,北进口_20260420075959至20260420081500.mp241,4595,北进口主断面,离去,non_motor,opposite,N133,电动车,
北进口,北进口_20260420075959至20260420081500.mp242,4595,北进口主断面,离去,non_motor,opposite,N134,电动车,
北进口,北进口_20260420075959至20260420081500.mp243,4595,北进口主断面,到达,non_motor,L4,N135,电动车,
北进口,北进口_20260420075959至20260420081500.mp244,4645,北进口主断面,到达,non_motor,L4,N136,电动车,
北进口,北进口_20260420075959至20260420081500.mp245,4657,北进口主断面,离去,non_motor,opposite,N141,电动车,
北进口,北进口_20260420075959至20260420081500.mp248,4665,北进口主断面,离去,car,opposite,NC076,小汽车,
北进口,北进口_20260420075959至20260420081500.mp249,4665,北进口主断面,到达,non_motor,L1,N137,三轮车,
北进口,北进口_20260420075959至20260420081500.mp251,4720,北进口主断面,到达,car,L2,NC077,小汽车,
北进口,北进口_20260420075959至20260420081500.mp252,4720,北进口主断面,离去,car,opposite,NC078,SUV,
北进口,北进口_20260420075959至20260420081500.mp254,4733,北进口主断面,到达,non_motor,L4,N139,电动车,
北进口,北进口_20260420075959至20260420081500.mp255,4742,北进口主断面,离去,car,opposite,NC079,SUV,
北进口,北进口_20260420075959至20260420081500.mp256,4769,北进口主断面,到达,car,L2,NC080,小汽车,
北进口,北进口_20260420075959至20260420081500.mp258,4769,北进口主断面,到达,non_motor,L4,N142,电动车,
北进口,北进口_20260420075959至20260420081500.mp259,4790,北进口主断面,离去,non_motor,opposite,N143,电动车,
北进口,北进口_20260420075959至20260420081500.mp260,4797,北进口主断面,到达,car,L3,NC081,小汽车,
北进口,北进口_20260420075959至20260420081500.mp261,4821,北进口主断面,离去,car,opposite,NC082,小汽车,
北进口,北进口_20260420075959至20260420081500.mp263,4836,北进口主断面,到达,non_motor,L4,N144,电动车,
北进口,北进口_20260420075959至20260420081500.mp264,4849,北进口主断面,到达,non_motor,L4,N145,电动车,
北进口,北进口_20260420075959至20260420081500.mp265,4849,北进口主断面,离去,non_motor,opposite,N146,电动车,
北进口,北进口_20260420075959至20260420081500.mp266,4849,北进口主断面,离去,non_motor,opposite,N147,电动车,
北进口,北进口_20260420075959至20260420081500.mp267,4863,北进口主断面,到达,car,L2,NC083,面包车,
北进口,北进口_20260420075959至20260420081500.mp268,4863,北进口主断面,离去,non_motor,opposite,N148,电动车,
北进口,北进口_20260420075959至20260420081500.mp269,4888,北进口主断面,离去,non_motor,opposite,N149,电动车,
北进口,北进口_20260420075959至20260420081500.mp270,4888,北进口主断面,离去,truck,opposite,NT016,货运皮卡,
北进口,北进口_20260420075959至20260420081500.mp271,4899,北进口主断面,到达,car,L2,NC084,小汽车,
北进口,北进口_20260420075959至20260420081500.mp273,4899,北进口主断面,到达,non_motor,L4,N151,电动车,
北进口,北进口_20260420075959至20260420081500.mp274,4930,北进口主断面,到达,non_motor,L3,N152,电动车,
北进口,北进口_20260420075959至20260420081500.mp275,4947,北进口主断面,离去,car,opposite,NC085,小汽车,
北进口,北进口_20260420075959至20260420081500.mp276,4994,北进口主断面,到达,non_motor,L1,N153,电动车,
北进口,北进口_20260420075959至20260420081500.mp277,4994,北进口主断面,离去,non_motor,opposite,N154,电动车,
北进口,北进口_20260420075959至20260420081500.mp278,5014,北进口主断面,到达,car,L3,NC086,小汽车,
北进口,北进口_20260420075959至20260420081500.mp279,5014,北进口主断面,到达,non_motor,L4,N155,电动车,
北进口,北进口_20260420075959至20260420081500.mp280,5014,北进口主断面,离去,non_motor,opposite,N157,电动车,
北进口,北进口_20260420075959至20260420081500.mp281,5014,北进口主断面,到达,truck,L1,NT017,货车,
北进口,北进口_20260420075959至20260420081500.mp282,5020,北进口主断面,离去,car,opposite,NC087,小汽车,
北进口,北进口_20260420075959至20260420081500.mp283,5042,北进口主断面,离去,car,opposite,NC088,小汽车,
北进口,北进口_20260420075959至20260420081500.mp284,5051,北进口主断面,离去,car,opposite,NC089,小汽车,
北进口,北进口_20260420075959至20260420081500.mp285,5060,北进口主断面,到达,non_motor,L4,N158,电动车,
北进口,北进口_20260420075959至20260420081500.mp286,5070,北进口主断面,离去,car,opposite,NC090,小汽车,
北进口,北进口_20260420075959至20260420081500.mp287,5093,北进口主断面,到达,car,L2,NC091,小汽车,
北进口,北进口_20260420075959至20260420081500.mp288,5107,北进口主断面,到达,car,L3,NC092,小汽车,
北进口,北进口_20260420075959至20260420081500.mp289,5125,北进口主断面,离去,car,opposite,NC093,小汽车,
北进口,北进口_20260420075959至20260420081500.mp290,5134,北进口主断面,到达,non_motor,L4,N159,电动车,
北进口,北进口_20260420075959至20260420081500.mp291,5144,北进口主断面,离去,car,opposite,NC094,小汽车,
北进口,北进口_20260420075959至20260420081500.mp292,5144,北进口主断面,到达,truck,L2,NT018,货运皮卡,
北进口,北进口_20260420075959至20260420081500.mp294,5201,北进口主断面,离去,car,opposite,NC095,小汽车,
北进口,北进口_20260420075959至20260420081500.mp295,5201,北进口主断面,到达,car,L3,NC096,小汽车,
北进口,北进口_20260420075959至20260420081500.mp296,5212,北进口主断面,离去,non_motor,opposite,N159,电动车,
北进口,北进口_20260420075959至20260420081500.mp297,5212,北进口主断面,离去,non_motor,opposite,N160,电动车,
北进口,北进口_20260420075959至20260420081500.mp298,5220,北进口主断面,到达,non_motor,L4,N161,电动车,
北进口,北进口_20260420075959至20260420081500.mp299,5220,北进口主断面,到达,non_motor,L3,N162,电动车,
北进口,北进口_20260420075959至20260420081500.mp300,5235,北进口主断面,离去,car,opposite,NC097,小汽车,
北进口,北进口_20260420075959至20260420081500.mp301,5251,北进口主断面,离去,car,opposite,NC098,小汽车,
北进口,北进口_20260420075959至20260420081500.mp303,5273,北进口主断面,到达,non_motor,L4,N163,电动车,
北进口,北进口_20260420075959至20260420081500.mp304,5282,北进口主断面,离去,car,opposite,NC100,小汽车,
北进口,北进口_20260420075959至20260420081500.mp305,5291,北进口右转,到达,car,L1,NC056,小汽车,
北进口,北进口_20260420075959至20260420081500.mp306,5291,北进口主断面,到达,non_motor,L4,N164,电动车,
北进口,北进口_20260420075959至20260420081500.mp307,5307,北进口主断面,离去,non_motor,opposite,N165,电动车,
北进口,北进口_20260420075959至20260420081500.mp308,5310,北进口主断面,到达,non_motor,L4,N166,三轮车,
北进口,北进口_20260420075959至20260420081500.mp309,5313,北进口主断面,离去,car,opposite,NC101,小汽车,
北进口,北进口_20260420075959至20260420081500.mp310,5330,北进口右转,到达,truck,L2,NT017,货运皮卡,
北进口,北进口_20260420075959至20260420081500.mp311,5365,北进口主断面,到达,bus,L3,NB002,公交车,
北进口,北进口_20260420075959至20260420081500.mp312,5370,北进口主断面,到达,truck,L3,NT019,货车,
北进口,北进口_20260420075959至20260420081500.mp313,5393,北进口主断面,到达,non_motor,L4,N167,三轮车,
北进口,北进口_20260420075959至20260420081500.mp314,5398,北进口主断面,离去,car,opposite,NC102,小汽车,
北进口,北进口_20260420075959至20260420081500.mp315,5409,北进口主断面,离去,car,opposite,NC103,小汽车,
北进口,北进口_20260420075959至20260420081500.mp316,5411,北进口主断面,离去,truck,opposite,NT020,货运皮卡,
北进口,北进口_20260420075959至20260420081500.mp317,5437,北进口主断面,到达,car,L2,NC104,小汽车,
北进口,北进口_20260420075959至20260420081500.mp318,5470,北进口主断面,到达,non_motor,L4,N168,电动车,
北进口,北进口_20260420075959至20260420081500.mp319,5476,北进口主断面,到达,truck,L1,NT021,货运皮卡,
北进口,北进口_20260420075959至20260420081500.mp320,5490,北进口主断面,离去,non_motor,opposite,N169,电动车,
北进口,北进口_20260420075959至20260420081500.mp321,5495,北进口主断面,离去,non_motor,opposite,N170,电动车,
北进口,北进口_20260420075959至20260420081500.mp322,5509,北进口主断面,离去,non_motor,opposite,N171,电动车,
北进口,北进口_20260420075959至20260420081500.mp323,5514,北进口主断面,离去,car,opposite,NC105,小汽车,
北进口,北进口_20260420075959至20260420081500.mp324,5533,北进口主断面,到达,car,L3,NC106,小汽车,
北进口,北进口_20260420075959至20260420081500.mp325,5554,北进口主断面,到达,truck,L2,NT022,货运皮卡,
北进口,北进口_20260420075959至20260420081500.mp326,5570,北进口主断面,到达,non_motor,L4,N172,电动车,
北进口,北进口_20260420075959至20260420081500.mp327,5579,北进口主断面,到达,car,L3,NC107,面包车,
北进口,北进口_20260420075959至20260420081500.mp328,5579,北进口主断面,离去,non_motor,opposite,N173,电动车,
北进口,北进口_20260420075959至20260420081500.mp329,5603,北进口主断面,到达,car,L2,NC108,小汽车,
北进口,北进口_20260420075959至20260420081500.mp330,5603,北进口主断面,离去,car,opposite,NC109,小汽车,
北进口,北进口_20260420075959至20260420081500.mp331,5617,北进口主断面,到达,car,L3,NC110,小汽车,
北进口,北进口_20260420075959至20260420081500.mp332,5617,北进口主断面,离去,non_motor,opposite,N174,电动车,
北进口,北进口_20260420075959至20260420081500.mp333,5629,北进口右转,到达,truck,L1,NT012,货运皮卡,
北进口,北进口_20260420075959至20260420081500.mp334,5665,北进口主断面,离去,non_motor,opposite,N175,电动车,
北进口,北进口_20260420075959至20260420081500.mp335,5665,北进口主断面,离去,non_motor,opposite,N176,电动车,
北进口,北进口_20260420075959至20260420081500.mp337,5713,北进口主断面,到达,car,L2,NC111,小汽车,
北进口,北进口_20260420075959至20260420081500.mp338,5713,北进口主断面,离去,non_motor,opposite,N177,电动车,
北进口,北进口_20260420075959至20260420081500.mp339,5737,北进口主断面,离去,non_motor,opposite,N178,电动车,
北进口,北进口_20260420075959至20260420081500.mp340,5750,北进口右转,到达,car,L1,NC66,小汽车,
北进口,北进口_20260420075959至20260420081500.mp341,5788,北进口右转,到达,truck,L1,NT017,货运皮卡,
北进口,北进口_20260420075959至20260420081500.mp342,5813,北进口掉头车道,到达,truck,L1,NT021,货运皮卡,
北进口,北进口_20260420075959至20260420081500.mp343,5839,北进口右转,到达,non_motor,L1,N137,电动车,
北进口,北进口_20260420075959至20260420081500.mp344,5841,北进口主断面,到达,car,L3,NC112,小汽车,
北进口,北进口_20260420075959至20260420081500.mp345,5841,北进口主断面,到达,non_motor,L4,N179,电动车,
北进口,北进口_20260420075959至20260420081500.mp346,5841,北进口主断面,离去,non_motor,opposite,N180,电动车,
北进口,北进口_20260420075959至20260420081500.mp347,5900,北进口主断面,到达,non_motor,L4,N181,电动车,
北进口,北进口_20260420075959至20260420081500.mp348,5937,北进口主断面,到达,car,L2,NC113,小汽车,
北进口,北进口_20260420075959至20260420081500.mp349,5937,北进口主断面,到达,truck,L3,NT024,货运皮卡,
北进口,北进口_20260420075959至20260420081500.mp350,5944,北进口主断面,离去,non_motor,opposite,N182,电动车,
北进口,北进口_20260420075959至20260420081500.mp351,5965,北进口主断面,离去,non_motor,opposite,N183,电动车,
北进口,北进口_20260420075959至20260420081500.mp352,5976,北进口主断面,离去,car,opposite,NC114,小汽车,
北进口,北进口_20260420075959至20260420081500.mp353,5976,北进口主断面,离去,non_motor,opposite,N184,电动车,
北进口,北进口_20260420075959至20260420081500.mp354,6000,北进口主断面,到达,car,L2,NC115,小汽车,
北进口,北进口_20260420075959至20260420081500.mp355,6030,北进口主断面,到达,car,L2,NC116,小汽车,
北进口,北进口_20260420075959至20260420081500.mp356,6050,北进口主断面,到达,non_motor,L4,N185,电动车,
北进口,北进口_20260420075959至20260420081500.mp357,6095,北进口主断面,到达,non_motor,L4,N186,电动车,
北进口,北进口_20260420075959至20260420081500.mp358,6118,北进口主断面,到达,car,L2,NC117,小汽车,
北进口,北进口_20260420075959至20260420081500.mp359,6118,北进口主断面,到达,non_motor,L4,N187,电动车,
北进口,北进口_20260420075959至20260420081500.mp360,6148,北进口主断面,到达,non_motor,L4,N188,电动车,
北进口,北进口_20260420075959至20260420081500.mp361,6150,北进口主断面,到达,non_motor,L4,N189,电动车,
北进口,北进口_20260420075959至20260420081500.mp362,6173,北进口主断面,离去,car,opposite,NC118,小汽车,
北进口,北进口_20260420075959至20260420081500.mp363,6228,北进口主断面,到达,non_motor,L4,N190,电动车,
北进口,北进口_20260420075959至20260420081500.mp364,6276,北进口主断面,到达,non_motor,L4,N191,电动车,
北进口,北进口_20260420075959至20260420081500.mp365,6289,北进口主断面,离去,non_motor,opposite,N192,电动车,
北进口,北进口_20260420075959至20260420081500.mp366,6322,北进口主断面,到达,car,L2,NC119,小汽车,
北进口,北进口_20260420075959至20260420081500.mp367,6350,北进口主断面,离去,truck,opposite,NT025,货运皮卡,
北进口,北进口_20260420075959至20260420081500.mp368,6414,北进口主断面,到达,non_motor,L4,N193,电动车,
北进口,北进口_20260420075959至20260420081500.mp369,6448,北进口主断面,到达,non_motor,L4,N194,电动车,
北进口,北进口_20260420075959至20260420081500.mp370,6495,北进口主断面,离去,truck,opposite,NT026,货车,
北进口,北进口_20260420075959至20260420081500.mp371,6514,北进口主断面,离去,non_motor,opposite,N195,电动车,
北进口,北进口_20260420075959至20260420081500.mp372,6514,北进口主断面,离去,non_motor,opposite,N196,电动车,
北进口,北进口_20260420075959至20260420081500.mp373,6514,北进口主断面,到达,non_motor,L4,N197,电动车,
北进口,北进口_20260420075959至20260420081500.mp374,6546,北进口主断面,到达,non_motor,L4,N198,电动车,
北进口,北进口_20260420075959至20260420081500.mp375,6546,北进口主断面,到达,truck,L1,NT027,货车,
北进口,北进口_20260420075959至20260420081500.mp376,6632,北进口主断面,离去,non_motor,opposite,N199,电动车,
北进口,北进口_20260420075959至20260420081500.mp377,6653,北进口主断面,离去,non_motor,opposite,N200,电动车,
北进口,北进口_20260420075959至20260420081500.mp378,6679,北进口主断面,离去,non_motor,opposite,N201,电动车,
北进口,北进口_20260420075959至20260420081500.mp379,6717,北进口主断面,离去,non_motor,opposite,N202,电动车,
北进口,北进口_20260420075959至20260420081500.mp380,6754,北进口主断面,离去,non_motor,opposite,N203,电动车,
北进口,北进口_20260420075959至20260420081500.mp381,6754,北进口主断面,离去,non_motor,opposite,N204,电动车,
北进口,北进口_20260420075959至20260420081500.mp382,6764,北进口主断面,离去,non_motor,opposite,N205,电动车,
北进口,北进口_20260420075959至20260420081500.mp383,6783,北进口主断面,离去,non_motor,opposite,N206,电动车,
北进口,北进口_20260420075959至20260420081500.mp384,6783,北进口主断面,离去,non_motor,opposite,N207,三轮车,
北进口,北进口_20260420075959至20260420081500.mp385,6783,北进口主断面,到达,non_motor,L4,N208,电动车,
北进口,北进口_20260420075959至20260420081500.mp386,6830,北进口主断面,离去,non_motor,opposite,N209,电动车,
北进口,北进口_20260420075959至20260420081500.mp387,6871,北进口主断面,到达,non_motor,L4,N210,电动车,
北进口,北进口_20260420075959至20260420081500.mp388,6905,北进口主断面,离去,non_motor,opposite,N211,电动车,
北进口,北进口_20260420075959至20260420081500.mp389,6933,北进口主断面,离去,truck,opposite,NT028,货车,
北进口,北进口_20260420075959至20260420081500.mp390,6958,北进口主断面,离去,non_motor,opposite,N212,电动车,
北进口,北进口_20260420075959至20260420081500.mp391,6983,北进口主断面,离去,non_motor,opposite,N213,电动车,
北进口,北进口_20260420075959至20260420081500.mp392,7063,北进口主断面,离去,car,opposite,NC120,小汽车,
北进口,北进口_20260420075959至20260420081500.mp393,7063,北进口主断面,离去,car,opposite,NC121,小汽车,
北进口,北进口_20260420075959至20260420081500.mp394,7185,北进口主断面,离去,non_motor,opposite,N214,电动车,
北进口,北进口_20260420075959至20260420081500.mp395,7208,北进口主断面,离去,non_motor,opposite,N215,电动车,
北进口,北进口_20260420075959至20260420081500.mp396,7214,北进口主断面,到达,non_motor,L1,N216,电动车,
北进口,北进口_20260420075959至20260420081500.mp397,7250,北进口主断面,离去,non_motor,opposite,N217,电动车,
北进口,北进口_20260420075959至20260420081500.mp398,7250,北进口右转,到达,truck,L1,NT027,货运皮卡,
北进口,北进口_20260420075959至20260420081500.mp399,7350,北进口主断面,到达,car,L2,NC122,小汽车,
北进口,北进口_20260420075959至20260420081500.mp400,7355,北进口主断面,到达,non_motor,L4,N218,电动车,
北进口,北进口_20260420075959至20260420081500.mp401,7360,北进口主断面,离去,car,opposite,NC123,小汽车,
北进口,北进口_20260420075959至20260420081500.mp402,7393,北进口主断面,离去,car,opposite,NC124,小汽车,
北进口,北进口_20260420075959至20260420081500.mp403,7393,北进口主断面,离去,non_motor,opposite,N219,电动车,
北进口,北进口_20260420075959至20260420081500.mp404,7397,北进口主断面,离去,car,opposite,NC125,小汽车,
北进口,北进口_20260420075959至20260420081500.mp405,7403,北进口主断面,离去,car,opposite,NC126,小汽车,
北进口,北进口_20260420075959至20260420081500.mp406,7404,北进口主断面,到达,car,L2,NC127,小汽车,
北进口,北进口_20260420075959至20260420081500.mp407,7423,北进口主断面,离去,non_motor,opposite,N220,电动车,
